<?xml version="1.0" encoding="UTF-8"?><?xml-stylesheet type='text/xsl' href='_UpgradeReport_Files/UpgradeReport.xslt'?><UpgradeLog>
<Properties><Property Name="Solution" Value="AOOP_Ch10_practice_2">
</Property><Property Name="Solution File" Value="D:\KHU_work\[lecture]AOOP\고객자료정리\Lab\lab04\lab04_ch10_part2\AOOP_Ch10_practice_2.sln">
</Property><Property Name="Date" Value="2012년 9월 26일 수요일">
</Property><Property Name="Time" Value="오후 18:28">
</Property></Properties><Event ErrorLevel="0" Project="" Source="AOOP_Ch10_practice_2.sln" Description="File successfully backed up as D:\KHU_work\[lecture]AOOP\고객자료정리\Lab\lab04\lab04_ch10_part2\AOOP_Ch10_practice_2.sln.old">
</Event><Event ErrorLevel="0" Project="ch10_p01" Source="ch10_p01\ch10_p01.vcproj" Description="Converting project file 'D:\KHU_work\[lecture]AOOP\고객자료정리\Lab\lab04\lab04_ch10_part2\ch10_p01\ch10_p01.vcproj'.">
</Event><Event ErrorLevel="1" Project="ch10_p01" Source="ch10_p01\ch10_p01.vcproj" Description="This application has been updated to include settings related to the User Account Control (UAC) feature of Windows Vista. By default, when run on Windows Vista with UAC enabled, this application is marked to run with the same privileges as the process that launched it. This marking also disables the application from running with virtualization. You can change UAC related settings from the Property Pages of the project.">
</Event><Event ErrorLevel="1" Project="ch10_p01" Source="ch10_p01\ch10_p01.vcproj" Description="VCWebServiceProxyGeneratorTool is no longer supported. The tool has been removed from your project settings.">
</Event><Event ErrorLevel="1" Project="ch10_p01" Source="ch10_p01\ch10_p01.vcproj" Description="Attribute 'Detect64BitPortabilityProblems' of 'VCCLCompilerTool' is not supported in this version and has been removed during conversion.">
</Event><Event ErrorLevel="0" Project="ch10_p01" Source="ch10_p01\ch10_p01.vcproj" Description="Web deployment to the local IIS server is no longer supported. The Web Deployment build tool has been removed from your project settings.">
</Event><Event ErrorLevel="1" Project="ch10_p01" Source="ch10_p01\ch10_p01.vcproj" Description="Attribute 'Detect64BitPortabilityProblems' of 'VCCLCompilerTool' is not supported in this version and has been removed during conversion.">
</Event><Event ErrorLevel="0" Project="ch10_p01" Source="ch10_p01\ch10_p01.vcproj" Description="Done converting to new project file 'D:\KHU_work\[lecture]AOOP\고객자료정리\Lab\lab04\lab04_ch10_part2\ch10_p01\ch10_p01.vcxproj'.">
</Event><Event ErrorLevel="3" Project="ch10_p01" Source="ch10_p01\ch10_p01.vcproj" Description="Converted">
</Event><Event ErrorLevel="0" Project="ch10_p02" Source="ch10_p02\ch10_p02.vcproj" Description="Converting project file 'D:\KHU_work\[lecture]AOOP\고객자료정리\Lab\lab04\lab04_ch10_part2\ch10_p02\ch10_p02.vcproj'.">
</Event><Event ErrorLevel="1" Project="ch10_p02" Source="ch10_p02\ch10_p02.vcproj" Description="This application has been updated to include settings related to the User Account Control (UAC) feature of Windows Vista. By default, when run on Windows Vista with UAC enabled, this application is marked to run with the same privileges as the process that launched it. This marking also disables the application from running with virtualization. You can change UAC related settings from the Property Pages of the project.">
</Event><Event ErrorLevel="1" Project="ch10_p02" Source="ch10_p02\ch10_p02.vcproj" Description="VCWebServiceProxyGeneratorTool is no longer supported. The tool has been removed from your project settings.">
</Event><Event ErrorLevel="1" Project="ch10_p02" Source="ch10_p02\ch10_p02.vcproj" Description="Attribute 'Detect64BitPortabilityProblems' of 'VCCLCompilerTool' is not supported in this version and has been removed during conversion.">
</Event><Event ErrorLevel="0" Project="ch10_p02" Source="ch10_p02\ch10_p02.vcproj" Description="Web deployment to the local IIS server is no longer supported. The Web Deployment build tool has been removed from your project settings.">
</Event><Event ErrorLevel="1" Project="ch10_p02" Source="ch10_p02\ch10_p02.vcproj" Description="Attribute 'Detect64BitPortabilityProblems' of 'VCCLCompilerTool' is not supported in this version and has been removed during conversion.">
</Event><Event ErrorLevel="0" Project="ch10_p02" Source="ch10_p02\ch10_p02.vcproj" Description="Done converting to new project file 'D:\KHU_work\[lecture]AOOP\고객자료정리\Lab\lab04\lab04_ch10_part2\ch10_p02\ch10_p02.vcxproj'.">
</Event><Event ErrorLevel="3" Project="ch10_p02" Source="ch10_p02\ch10_p02.vcproj" Description="Converted">
</Event><Event ErrorLevel="0" Project="HomeWork_CH10_2" Source="HomeWork_CH10_2\HomeWork_CH10_2.vcproj" Description="Converting project file 'D:\KHU_work\[lecture]AOOP\고객자료정리\Lab\lab04\lab04_ch10_part2\HomeWork_CH10_2\HomeWork_CH10_2.vcproj'.">
</Event><Event ErrorLevel="2" Project="HomeWork_CH10_2" Source="HomeWork_CH10_2\HomeWork_CH10_2.vcproj" Description="File 'D:\KHU_work\[lecture]AOOP\고객자료정리\Lab\lab04\lab04_ch10_part2\HomeWork_CH10_2\HomeWork_CH10_2.vcproj' was not found.">
</Event><Event ErrorLevel="2" Project="HomeWork_CH10_2" Source="HomeWork_CH10_2\HomeWork_CH10_2.vcproj" Description="Project upgrade failed.">
</Event><Event ErrorLevel="3" Project="HomeWork_CH10_2" Source="HomeWork_CH10_2\HomeWork_CH10_2.vcproj" Description="Not Converted">
</Event><Event ErrorLevel="0" Project="ch10_p03" Source="ch10_p03\ch10_p03.vcproj" Description="Converting project file 'D:\KHU_work\[lecture]AOOP\고객자료정리\Lab\lab04\lab04_ch10_part2\ch10_p03\ch10_p03.vcproj'.">
</Event><Event ErrorLevel="1" Project="ch10_p03" Source="ch10_p03\ch10_p03.vcproj" Description="This application has been updated to include settings related to the User Account Control (UAC) feature of Windows Vista. By default, when run on Windows Vista with UAC enabled, this application is marked to run with the same privileges as the process that launched it. This marking also disables the application from running with virtualization. You can change UAC related settings from the Property Pages of the project.">
</Event><Event ErrorLevel="1" Project="ch10_p03" Source="ch10_p03\ch10_p03.vcproj" Description="VCWebServiceProxyGeneratorTool is no longer supported. The tool has been removed from your project settings.">
</Event><Event ErrorLevel="1" Project="ch10_p03" Source="ch10_p03\ch10_p03.vcproj" Description="Attribute 'Detect64BitPortabilityProblems' of 'VCCLCompilerTool' is not supported in this version and has been removed during conversion.">
</Event><Event ErrorLevel="0" Project="ch10_p03" Source="ch10_p03\ch10_p03.vcproj" Description="Web deployment to the local IIS server is no longer supported. The Web Deployment build tool has been removed from your project settings.">
</Event><Event ErrorLevel="1" Project="ch10_p03" Source="ch10_p03\ch10_p03.vcproj" Description="Attribute 'Detect64BitPortabilityProblems' of 'VCCLCompilerTool' is not supported in this version and has been removed during conversion.">
</Event><Event ErrorLevel="0" Project="ch10_p03" Source="ch10_p03\ch10_p03.vcproj" Description="Done converting to new project file 'D:\KHU_work\[lecture]AOOP\고객자료정리\Lab\lab04\lab04_ch10_part2\ch10_p03\ch10_p03.vcxproj'.">
</Event><Event ErrorLevel="3" Project="ch10_p03" Source="ch10_p03\ch10_p03.vcproj" Description="Converted">
</Event><Event ErrorLevel="0" Project="ch10_p04" Source="ch10_p04\ch10_p04.vcproj" Description="Converting project file 'D:\KHU_work\[lecture]AOOP\고객자료정리\Lab\lab04\lab04_ch10_part2\ch10_p04\ch10_p04.vcproj'.">
</Event><Event ErrorLevel="1" Project="ch10_p04" Source="ch10_p04\ch10_p04.vcproj" Description="This application has been updated to include settings related to the User Account Control (UAC) feature of Windows Vista. By default, when run on Windows Vista with UAC enabled, this application is marked to run with the same privileges as the process that launched it. This marking also disables the application from running with virtualization. You can change UAC related settings from the Property Pages of the project.">
</Event><Event ErrorLevel="1" Project="ch10_p04" Source="ch10_p04\ch10_p04.vcproj" Description="VCWebServiceProxyGeneratorTool is no longer supported. The tool has been removed from your project settings.">
</Event><Event ErrorLevel="1" Project="ch10_p04" Source="ch10_p04\ch10_p04.vcproj" Description="Attribute 'Detect64BitPortabilityProblems' of 'VCCLCompilerTool' is not supported in this version and has been removed during conversion.">
</Event><Event ErrorLevel="0" Project="ch10_p04" Source="ch10_p04\ch10_p04.vcproj" Description="Web deployment to the local IIS server is no longer supported. The Web Deployment build tool has been removed from your project settings.">
</Event><Event ErrorLevel="1" Project="ch10_p04" Source="ch10_p04\ch10_p04.vcproj" Description="Attribute 'Detect64BitPortabilityProblems' of 'VCCLCompilerTool' is not supported in this version and has been removed during conversion.">
</Event><Event ErrorLevel="0" Project="ch10_p04" Source="ch10_p04\ch10_p04.vcproj" Description="Done converting to new project file 'D:\KHU_work\[lecture]AOOP\고객자료정리\Lab\lab04\lab04_ch10_part2\ch10_p04\ch10_p04.vcxproj'.">
</Event><Event ErrorLevel="3" Project="ch10_p04" Source="ch10_p04\ch10_p04.vcproj" Description="Converted">
</Event><Event ErrorLevel="0" Project="ch10_p05" Source="ch10_p05\ch10_p05.vcproj" Description="Converting project file 'D:\KHU_work\[lecture]AOOP\고객자료정리\Lab\lab04\lab04_ch10_part2\ch10_p05\ch10_p05.vcproj'.">
</Event><Event ErrorLevel="1" Project="ch10_p05" Source="ch10_p05\ch10_p05.vcproj" Description="This application has been updated to include settings related to the User Account Control (UAC) feature of Windows Vista. By default, when run on Windows Vista with UAC enabled, this application is marked to run with the same privileges as the process that launched it. This marking also disables the application from running with virtualization. You can change UAC related settings from the Property Pages of the project.">
</Event><Event ErrorLevel="1" Project="ch10_p05" Source="ch10_p05\ch10_p05.vcproj" Description="VCWebServiceProxyGeneratorTool is no longer supported. The tool has been removed from your project settings.">
</Event><Event ErrorLevel="1" Project="ch10_p05" Source="ch10_p05\ch10_p05.vcproj" Description="Attribute 'Detect64BitPortabilityProblems' of 'VCCLCompilerTool' is not supported in this version and has been removed during conversion.">
</Event><Event ErrorLevel="0" Project="ch10_p05" Source="ch10_p05\ch10_p05.vcproj" Description="Web deployment to the local IIS server is no longer supported. The Web Deployment build tool has been removed from your project settings.">
</Event><Event ErrorLevel="1" Project="ch10_p05" Source="ch10_p05\ch10_p05.vcproj" Description="Attribute 'Detect64BitPortabilityProblems' of 'VCCLCompilerTool' is not supported in this version and has been removed during conversion.">
</Event><Event ErrorLevel="0" Project="ch10_p05" Source="ch10_p05\ch10_p05.vcproj" Description="Done converting to new project file 'D:\KHU_work\[lecture]AOOP\고객자료정리\Lab\lab04\lab04_ch10_part2\ch10_p05\ch10_p05.vcxproj'.">
</Event><Event ErrorLevel="3" Project="ch10_p05" Source="ch10_p05\ch10_p05.vcproj" Description="Converted">
</Event><Event ErrorLevel="0" Project="ch10_p06" Source="ch10_p06\ch10_p06.vcproj" Description="Converting project file 'D:\KHU_work\[lecture]AOOP\고객자료정리\Lab\lab04\lab04_ch10_part2\ch10_p06\ch10_p06.vcproj'.">
</Event><Event ErrorLevel="1" Project="ch10_p06" Source="ch10_p06\ch10_p06.vcproj" Description="This application has been updated to include settings related to the User Account Control (UAC) feature of Windows Vista. By default, when run on Windows Vista with UAC enabled, this application is marked to run with the same privileges as the process that launched it. This marking also disables the application from running with virtualization. You can change UAC related settings from the Property Pages of the project.">
</Event><Event ErrorLevel="1" Project="ch10_p06" Source="ch10_p06\ch10_p06.vcproj" Description="VCWebServiceProxyGeneratorTool is no longer supported. The tool has been removed from your project settings.">
</Event><Event ErrorLevel="1" Project="ch10_p06" Source="ch10_p06\ch10_p06.vcproj" Description="Attribute 'Detect64BitPortabilityProblems' of 'VCCLCompilerTool' is not supported in this version and has been removed during conversion.">
</Event><Event ErrorLevel="0" Project="ch10_p06" Source="ch10_p06\ch10_p06.vcproj" Description="Web deployment to the local IIS server is no longer supported. The Web Deployment build tool has been removed from your project settings.">
</Event><Event ErrorLevel="1" Project="ch10_p06" Source="ch10_p06\ch10_p06.vcproj" Description="Attribute 'Detect64BitPortabilityProblems' of 'VCCLCompilerTool' is not supported in this version and has been removed during conversion.">
</Event><Event ErrorLevel="0" Project="ch10_p06" Source="ch10_p06\ch10_p06.vcproj" Description="Done converting to new project file 'D:\KHU_work\[lecture]AOOP\고객자료정리\Lab\lab04\lab04_ch10_part2\ch10_p06\ch10_p06.vcxproj'.">
</Event><Event ErrorLevel="3" Project="ch10_p06" Source="ch10_p06\ch10_p06.vcproj" Description="Converted">
</Event><Event ErrorLevel="0" Project="" Source="AOOP_Ch10_practice_2.sln" Description="Solution converted successfully">
</Event><Event ErrorLevel="3" Project="" Source="AOOP_Ch10_practice_2.sln" Description="Converted">
</Event></UpgradeLog>