<?xml version="1.0" encoding="UTF-8"?><?xml-stylesheet type='text/xsl' href='_UpgradeReport_Files/UpgradeReport.xslt'?><UpgradeLog>
<Properties><Property Name="Solution" Value="ch14_01_9.0">
</Property><Property Name="솔루션 파일" Value="E:\연구실\12. 조교\2012 고객\2012_2학기\고객자료정리\Lab\lab11\lab11_ch14_part1\ch14_01_9.0.sln">
</Property><Property Name="Date" Value="2012년 11월 22일 목요일">
</Property><Property Name="Time" Value="오전 9:54">
</Property></Properties><Event ErrorLevel="0" Project="" Source="ch14_01_9.0.sln" Description="파일을 E:\연구실\12. 조교\2012 고객\2012_2학기\고객자료정리\Lab\lab11\lab11_ch14_part1\ch14_01_9.0.sln.old(으)로 백업했습니다.">
</Event><Event ErrorLevel="0" Project="ch14_01_01" Source="ch14_01_01\ch14_01_01.vcproj" Description="Converting project file 'E:\연구실\12. 조교\2012 고객\2012_2학기\고객자료정리\Lab\lab11\lab11_ch14_part1\ch14_01_01\ch14_01_01.vcproj'.">
</Event><Event ErrorLevel="1" Project="ch14_01_01" Source="ch14_01_01\ch14_01_01.vcproj" Description="VCWebServiceProxyGeneratorTool is no longer supported. The tool has been removed from your project settings.">
</Event><Event ErrorLevel="0" Project="ch14_01_01" Source="ch14_01_01\ch14_01_01.vcproj" Description="Done converting to new project file 'E:\연구실\12. 조교\2012 고객\2012_2학기\고객자료정리\Lab\lab11\lab11_ch14_part1\ch14_01_01\ch14_01_01.vcxproj'.">
</Event><Event ErrorLevel="3" Project="ch14_01_01" Source="ch14_01_01\ch14_01_01.vcproj" Description="Converted">
</Event><Event ErrorLevel="0" Project="ch14_01_02" Source="ch14_01_02\ch14_01_02.vcproj" Description="Converting project file 'E:\연구실\12. 조교\2012 고객\2012_2학기\고객자료정리\Lab\lab11\lab11_ch14_part1\ch14_01_02\ch14_01_02.vcproj'.">
</Event><Event ErrorLevel="1" Project="ch14_01_02" Source="ch14_01_02\ch14_01_02.vcproj" Description="VCWebServiceProxyGeneratorTool is no longer supported. The tool has been removed from your project settings.">
</Event><Event ErrorLevel="0" Project="ch14_01_02" Source="ch14_01_02\ch14_01_02.vcproj" Description="Done converting to new project file 'E:\연구실\12. 조교\2012 고객\2012_2학기\고객자료정리\Lab\lab11\lab11_ch14_part1\ch14_01_02\ch14_01_02.vcxproj'.">
</Event><Event ErrorLevel="3" Project="ch14_01_02" Source="ch14_01_02\ch14_01_02.vcproj" Description="Converted">
</Event><Event ErrorLevel="0" Project="ch14_01_03" Source="ch14_01_03\ch14_01_03.vcproj" Description="Converting project file 'E:\연구실\12. 조교\2012 고객\2012_2학기\고객자료정리\Lab\lab11\lab11_ch14_part1\ch14_01_03\ch14_01_03.vcproj'.">
</Event><Event ErrorLevel="1" Project="ch14_01_03" Source="ch14_01_03\ch14_01_03.vcproj" Description="VCWebServiceProxyGeneratorTool is no longer supported. The tool has been removed from your project settings.">
</Event><Event ErrorLevel="0" Project="ch14_01_03" Source="ch14_01_03\ch14_01_03.vcproj" Description="Done converting to new project file 'E:\연구실\12. 조교\2012 고객\2012_2학기\고객자료정리\Lab\lab11\lab11_ch14_part1\ch14_01_03\ch14_01_03.vcxproj'.">
</Event><Event ErrorLevel="3" Project="ch14_01_03" Source="ch14_01_03\ch14_01_03.vcproj" Description="Converted">
</Event><Event ErrorLevel="0" Project="ch14_01_04" Source="ch14_01_04\ch14_01_04.vcproj" Description="Converting project file 'E:\연구실\12. 조교\2012 고객\2012_2학기\고객자료정리\Lab\lab11\lab11_ch14_part1\ch14_01_04\ch14_01_04.vcproj'.">
</Event><Event ErrorLevel="1" Project="ch14_01_04" Source="ch14_01_04\ch14_01_04.vcproj" Description="VCWebServiceProxyGeneratorTool is no longer supported. The tool has been removed from your project settings.">
</Event><Event ErrorLevel="0" Project="ch14_01_04" Source="ch14_01_04\ch14_01_04.vcproj" Description="Done converting to new project file 'E:\연구실\12. 조교\2012 고객\2012_2학기\고객자료정리\Lab\lab11\lab11_ch14_part1\ch14_01_04\ch14_01_04.vcxproj'.">
</Event><Event ErrorLevel="3" Project="ch14_01_04" Source="ch14_01_04\ch14_01_04.vcproj" Description="Converted">
</Event><Event ErrorLevel="0" Project="ch14_01_05" Source="ch14_01_05\ch14_01_05.vcproj" Description="Converting project file 'E:\연구실\12. 조교\2012 고객\2012_2학기\고객자료정리\Lab\lab11\lab11_ch14_part1\ch14_01_05\ch14_01_05.vcproj'.">
</Event><Event ErrorLevel="1" Project="ch14_01_05" Source="ch14_01_05\ch14_01_05.vcproj" Description="VCWebServiceProxyGeneratorTool is no longer supported. The tool has been removed from your project settings.">
</Event><Event ErrorLevel="0" Project="ch14_01_05" Source="ch14_01_05\ch14_01_05.vcproj" Description="Done converting to new project file 'E:\연구실\12. 조교\2012 고객\2012_2학기\고객자료정리\Lab\lab11\lab11_ch14_part1\ch14_01_05\ch14_01_05.vcxproj'.">
</Event><Event ErrorLevel="3" Project="ch14_01_05" Source="ch14_01_05\ch14_01_05.vcproj" Description="Converted">
</Event><Event ErrorLevel="0" Project="ch14_01_HW" Source="ch14_01_HW\ch14_01_HW.vcproj" Description="Converting project file 'E:\연구실\12. 조교\2012 고객\2012_2학기\고객자료정리\Lab\lab11\lab11_ch14_part1\ch14_01_HW\ch14_01_HW.vcproj'.">
</Event><Event ErrorLevel="2" Project="ch14_01_HW" Source="ch14_01_HW\ch14_01_HW.vcproj" Description="File 'E:\연구실\12. 조교\2012 고객\2012_2학기\고객자료정리\Lab\lab11\lab11_ch14_part1\ch14_01_HW\ch14_01_HW.vcproj' was not found.">
</Event><Event ErrorLevel="2" Project="ch14_01_HW" Source="ch14_01_HW\ch14_01_HW.vcproj" Description="프로젝트를 업그레이드하지 못했습니다.">
</Event><Event ErrorLevel="3" Project="ch14_01_HW" Source="ch14_01_HW\ch14_01_HW.vcproj" Description="변환되지 않음">
</Event><Event ErrorLevel="0" Project="ch14_01_08" Source="ch14_01_08\ch14_01_08.vcproj" Description="Converting project file 'E:\연구실\12. 조교\2012 고객\2012_2학기\고객자료정리\Lab\lab11\lab11_ch14_part1\ch14_01_08\ch14_01_08.vcproj'.">
</Event><Event ErrorLevel="1" Project="ch14_01_08" Source="ch14_01_08\ch14_01_08.vcproj" Description="VCWebServiceProxyGeneratorTool is no longer supported. The tool has been removed from your project settings.">
</Event><Event ErrorLevel="0" Project="ch14_01_08" Source="ch14_01_08\ch14_01_08.vcproj" Description="Done converting to new project file 'E:\연구실\12. 조교\2012 고객\2012_2학기\고객자료정리\Lab\lab11\lab11_ch14_part1\ch14_01_08\ch14_01_08.vcxproj'.">
</Event><Event ErrorLevel="3" Project="ch14_01_08" Source="ch14_01_08\ch14_01_08.vcproj" Description="Converted">
</Event><Event ErrorLevel="0" Project="ch14_01_07" Source="ch14_01_07\ch14_01_07.vcproj" Description="Converting project file 'E:\연구실\12. 조교\2012 고객\2012_2학기\고객자료정리\Lab\lab11\lab11_ch14_part1\ch14_01_07\ch14_01_07.vcproj'.">
</Event><Event ErrorLevel="1" Project="ch14_01_07" Source="ch14_01_07\ch14_01_07.vcproj" Description="VCWebServiceProxyGeneratorTool is no longer supported. The tool has been removed from your project settings.">
</Event><Event ErrorLevel="0" Project="ch14_01_07" Source="ch14_01_07\ch14_01_07.vcproj" Description="Done converting to new project file 'E:\연구실\12. 조교\2012 고객\2012_2학기\고객자료정리\Lab\lab11\lab11_ch14_part1\ch14_01_07\ch14_01_07.vcxproj'.">
</Event><Event ErrorLevel="3" Project="ch14_01_07" Source="ch14_01_07\ch14_01_07.vcproj" Description="Converted">
</Event><Event ErrorLevel="0" Project="ch14_01_06" Source="ch14_01_06\ch14_01_06.vcproj" Description="Converting project file 'E:\연구실\12. 조교\2012 고객\2012_2학기\고객자료정리\Lab\lab11\lab11_ch14_part1\ch14_01_06\ch14_01_06.vcproj'.">
</Event><Event ErrorLevel="1" Project="ch14_01_06" Source="ch14_01_06\ch14_01_06.vcproj" Description="VCWebServiceProxyGeneratorTool is no longer supported. The tool has been removed from your project settings.">
</Event><Event ErrorLevel="0" Project="ch14_01_06" Source="ch14_01_06\ch14_01_06.vcproj" Description="Done converting to new project file 'E:\연구실\12. 조교\2012 고객\2012_2학기\고객자료정리\Lab\lab11\lab11_ch14_part1\ch14_01_06\ch14_01_06.vcxproj'.">
</Event><Event ErrorLevel="3" Project="ch14_01_06" Source="ch14_01_06\ch14_01_06.vcproj" Description="Converted">
</Event><Event ErrorLevel="0" Project="" Source="ch14_01_9.0.sln" Description="솔루션을 변환했습니다.">
</Event><Event ErrorLevel="3" Project="" Source="ch14_01_9.0.sln" Description="Converted">
</Event></UpgradeLog>